fecha,texto,longuitud,hashtags,num_hashtags,mencions,num_mencions,language,retweet_count,favorite_count,name_place,full_name_place,country,username,followers,friends,fecha_count
2020-10-01 01:27:42+00:00,Estoy a dos de quemar mi distrito si no nos pagan,49,[],0,[],0,es,0,0,Quito,"Quito, Ecuador",Ecuador,16MSol,216,472,2011-05-31 22:50:08+00:00
2020-10-01 01:27:36+00:00,Se me paraliza el mundo cuando Thom√°s se me r√≠e a carcajadas y en menos de un mes üòçü•∫,84,[],0,[],0,es,0,0,Machala,"Machala, Ecuador",Ecuador,jcristhinajc,201,177,2015-07-29 22:00:26+00:00
2020-10-01 01:27:34+00:00,@xramirezt @ramiroaguilart Exacto el correato le gana por largo a este gobierno tambi√©n corrupto y amoral,105,[],0,"['xramirezt', 'ramiroaguilart']",2,es,0,0,Zaruma,"Zaruma, Ecuador",Ecuador,mvalarezoc,425,1603,2010-11-28 19:40:11+00:00
2020-10-01 01:27:31+00:00,"@josecarloscresp Muchas gracias por tus deseos, Jose Carlos! Esperemos a ver que dicen los resultados. Aunque ahora no hay s√≠ntomas, todo es dentro del protocolo para volver a oficina.",184,[],0,['josecarloscresp'],1,es,0,0,Guayaquil,"Guayaquil, Ecuador",Ecuador,johnnyugcha,883,2453,2010-10-02 12:36:08+00:00
2020-10-01 01:27:30+00:00,"Me com√≠ 1 1/2 de estos! Ya nada, ma√±ana a correr con mas ganas üòÖ https://t.co/yxsYTvgXdJ",88,[],0,[],0,es,0,0,Quito,"Quito, Ecuador",Ecuador,maitebrito53,256,172,2012-05-25 16:59:03+00:00
2020-10-01 01:25:20+00:00,Puede que hayan momentos en los que tenga que escoger qui√©n vive y qui√©n no. S√≥lo espero que esos nunca lleguen. Y apuntar siempre a lo que el gr√°fico me recuerda. https://t.co/onXPPp6O7D,187,[],0,[],0,es,0,0,Daule,"Daule, Ecuador",Ecuador,moxalactam,510,480,2010-12-14 23:20:55+00:00
2020-10-01 01:25:02+00:00,@camilocnn por qu√© gritas y no dejas reponder a tu entrevistado ?,65,[],0,['camilocnn'],1,es,0,0,Quito,"Quito, Ecuador",Ecuador,mariselarop,414,872,2010-05-19 02:00:31+00:00
2020-10-01 01:22:44+00:00,"Si hablamos de robo al cliente, de abuso, de la estafa descarada para cobrar a los cliente tenemos como primer candidato a @ClaroEcua  lo peor de lo peor. Pillos",161,[],0,['ClaroEcua'],1,es,0,0,24 De Mayo,"24 De Mayo, Ecuador",Ecuador,robertto_santos,283,707,2011-01-27 16:39:47+00:00
2020-10-01 01:21:40+00:00,"@MashiRafael Quien fue el idiota que puso a tanto vago ladr√≥n en puestos importantes del gobierno, empezando por Lenin? As√≠ no era ü§î",132,[],0,['MashiRafael'],1,es,0,0,Quito,"Quito, Ecuador",Ecuador,santiagototoy,181,74,2010-02-13 02:23:55+00:00
2020-10-01 01:21:29+00:00,"No se porque tanto drama con el debate presidencial de Estados Unidos, a la final es el reflejo de lo que es su poblaci√≥n, son rude! Cuando deje UK ten√≠a miedo que alguien saque una pistola en cualquier momento! #Debates2020",224,['Debates2020'],1,[],0,es,0,0,Quito,"Quito, Ecuador",Ecuador,DayraMunoz3,96,439,2018-08-05 00:15:45+00:00
2020-10-01 01:21:03+00:00,La imagen de la Asamblea tiene correlaci√≥n con el tongo..El reparto..Y el juego a las √©lites..Q ello nos llev√≥ a la debacle econ√≥mica y la pobreza! Claroff La econom√≠a se puede arreglar pero la podredumbre de la AN s√≥lo cuando se larguen! A la c√°rcel. #ElPeorGobiernoDeLaHistoria https://t.co/4G6OAcTroY,303,['ElPeorGobiernoDeLaHistoria'],1,[],0,es,0,0,Atacames,"Atacames, Ecuador",Ecuador,Voladorhuellero,155,118,2011-06-07 01:55:10+00:00
2020-10-01 01:20:40+00:00,Golazo de Byron Castillo un derechazo pegado al primer palo de Viera pone a ganar a Barcelona S.C 1x0 en el Metrpolitano de Barranquilla a Junior Copa Libertadores,163,[],0,[],0,es,4,14,Guayaquil,"Guayaquil, Ecuador",Ecuador,javidavilam,27986,14339,2010-10-08 23:09:52+00:00
2020-10-01 01:19:56+00:00,@carlosnabil Ya lo voy a publicar üôäüò©,36,[],0,['carlosnabil'],1,es,0,0,Guayaquil,"Guayaquil, Ecuador",Ecuador,LissetteCarriel,2498,872,2010-06-23 18:36:33+00:00
2020-10-01 01:19:13+00:00,"Nixon Molina cada vez que ha sido requerido por Bustos ha respondido bien. Llama la atenci√≥n que no haya tenido m√°s minutos en pasados juegos. 

Otro de buen desempe√±o es Sergio Quintero. Demuestra que s√≠ lo necesitan est√° a la altura. Barcelona SC debe darles confianza .",272,[],0,[],0,es,9,38,Guayaquil,"Guayaquil, Ecuador",Ecuador,davidaguirre1,53814,2430,2010-08-27 04:59:58+00:00
2020-10-01 01:19:12+00:00,"CHULETA ASADA CON MORO ü§§ ¬øAs√≠ o m√°s provocativa? Como decirle que no üòã
‚Ä¢
¬°Ven y pru√©bala ya! ü§© Cdla. Miraflores Av. Principal y calle 6ta (esquina)üìç
‚Ä¢ 
P√≠dela a domicilio y para llevar!üì±0990355899 üì≤ 0967916756 ‚òéÔ∏è4613376
‚Ä¢
#DonChuzo #Chuleta #Parrilla  #Guayaquil https://t.co/cE5aROXDOz",286,"['DonChuzo', 'Chuleta', 'Parrilla', 'Guayaquil']",4,[],0,es,0,0,Guayaquil,"Guayaquil, Ecuador",Ecuador,donchuzo,4209,2255,2011-10-16 21:39:24+00:00
2020-10-01 01:18:53+00:00,"@MashiRafael QUE COSA MAS GRANDE CHICO
Tres Patines.
¬°Que ironia! Ahora las v√≠ctimas del 30 de septiembre, SON CULPABLES.
 Es como si culparan a la chica que fue violada porque llevaba una minifalda.
El odio patol√≥gico no los deja pensar con objetividad. 
VENCEREMOS LISTA 1 https://t.co/Z3sAxQFARa",298,[],0,['MashiRafael'],1,es,0,0,Cuenca,"Cuenca, Ecuador",Ecuador,EdmundoMendez54,43,212,2019-03-05 14:33:09+00:00
2020-10-01 01:18:48+00:00,Por favor amigos ay√∫dennos a ayudar a nuestro amigo Bombero Junior Juan Jos√© necesita de esta tratamiento URGENTE! @luisantonio_r @ajungbluth #TodosConJuanJose https://t.co/KYVDAb2zDk,183,['TodosConJuanJose'],1,"['luisantonio_r', 'ajungbluth']",2,es,0,0,Daule,"Daule, Ecuador",Ecuador,ferchios14,249,455,2010-03-19 22:43:04+00:00
2020-10-01 01:18:46+00:00,"@gabzillaxx Me haces acordar a la chica que quer√≠a que le hagan descuento en by me por usar su imagen, que no era su rostro completo solo el ojo jajajaja.",154,[],0,['gabzillaxx'],1,es,0,0,Guayaquil,"Guayaquil, Ecuador",Ecuador,ItsSerenai,540,644,2014-01-26 19:45:17+00:00
2020-10-01 01:18:20+00:00,"Vamos CARAJO a jugar con verg√ºenza deportiva a limpiar nuestra imagen, hay que sellarlo el segundo tiempo",105,[],0,[],0,es,0,1,Guayaquil,"Guayaquil, Ecuador",Ecuador,Javoromerog,427,724,2010-10-01 21:33:20+00:00
2020-10-01 01:18:08+00:00,Minuto 46 Barcelona gana 1 a  0..termina el 1er tiempo...lo dije juega de amarillo y gana.,90,[],0,[],0,es,0,0,Manta,"Manta, Ecuador",Ecuador,munozfel56,75,73,2011-05-28 17:23:57+00:00
2020-10-01 01:18:04+00:00,@jdiegocornejo70 @DCuencaOficial @SomosMinuto91 @wilocrespo @ViviSanchezBoni @CronicaRojaCR @lizcorbejo @Fernandoeltigr1 Pero la culpa no es de el ....as√≠ traigan a Guardiola con ese equipo limitado no se puede aspirar a nada,225,[],0,"['jdiegocornejo70', 'DCuencaOficial', 'SomosMinuto91', 'wilocrespo', 'ViviSanchezBoni', 'CronicaRojaCR', 'lizcorbejo', 'Fernandoeltigr1']",8,es,0,0,Pastaza,"Pastaza, Ecuador",Ecuador,mauroojedabsc,376,2726,2019-02-17 19:26:39+00:00
2020-10-01 01:17:38+00:00,"Que buen partido de la m√°quina Quinteros, equilibrando el medio campo y si es de tirarle el carro encima a los de Jr se los tira sin compromiso",143,[],0,[],0,es,0,0,Guayaquil,"Guayaquil, Ecuador",Ecuador,JorginhoGuerrer,390,1080,2010-12-10 14:36:56+00:00
2020-10-01 01:17:28+00:00,"@isaaks91 @anabelenfabara @maaaaariuxi @LoroHomero Pablo la metrovia fue creada como 1 proyecto d transporte masivo. Si sabes qu√© es masivo?. Ojo, no estoy diciendo q es un √©xito la metrovia, cuidado y malinterpretas...pero fue creada para transportar a mucha gente y para q el tiempo de llegada d c/un. Sea m√°s r√°pido",318,[],0,"['isaaks91', 'anabelenfabara', 'maaaaariuxi', 'LoroHomero']",4,es,0,0,Guayaquil,"Guayaquil, Ecuador",Ecuador,veriloy,359,323,2011-07-03 04:01:13+00:00
2020-10-01 01:17:27+00:00,"@MashiRafael Pero si usted mismo lo puso como candidato, porque todos los listados pasaron por sus manos y ahora les llama mediocre, cuando estaban a su orden se llaman revulucionario ü§¶‚Äç‚ôÇÔ∏è",188,[],0,['MashiRafael'],1,es,0,0,Guayaquil,"Guayaquil, Ecuador",Ecuador,vicensolis,863,4268,2010-11-22 14:39:49+00:00
2020-10-01 01:17:08+00:00,"Lleve, lleve su taza para apoyar a los peluditos ‚ù§Ô∏èüêæ https://t.co/1DwijYjk3B",76,[],0,[],0,es,4,9,Quito,"Quito, Ecuador",Ecuador,munecamarce,72615,1960,2010-10-15 02:33:07+00:00
2020-10-01 01:16:56+00:00,"Seguramente este fue uno de los mejores TRIBUTOS en el BLUES... TRIBUTO a ACDC.
Cu√©ntanos cual fue uno de los CONCIERTOS O TRIBUTOS que mas te gusto ? en Quito, Ecuador https://t.co/4yLzZURviL",192,[],0,[],0,es,0,0,Quito,"Quito, Ecuador",Ecuador,memoriesvip_fm,250,625,2010-06-16 00:48:46+00:00
2020-10-01 01:15:18+00:00,"Empec√© a leer muchos libros, para ya no pensar en ti...",55,[],0,[],0,es,0,4,Quito,"Quito, Ecuador",Ecuador,BittersweetZay,482,870,2016-04-17 03:41:46+00:00
2020-10-01 01:14:16+00:00,"Bien Molina y Quintero. Muy buen t√°ndem en el mediocampo, en m√°s impreciso hoy, Oyola, sin ser escandaloso eso, solo que los dos muchachos est√°n bien. No ser√≠a mala idea probar a Vallecilla en su posici√≥n de central en lugar de Riveros. No hay variantes si no se las prueba.",274,[],0,[],0,es,0,0,Quito,"Quito, Ecuador",Ecuador,aemino,444,827,2010-06-30 15:15:41+00:00
2020-10-01 01:13:52+00:00,@CuenteroMuisne #LaMegan ya mismo entra a la edad del burro!,60,['LaMegan'],1,['CuenteroMuisne'],1,es,0,0,Quito,"Quito, Ecuador",Ecuador,OPurpurea,1742,1221,2009-11-04 00:27:12+00:00
2020-10-01 01:13:20+00:00,@Penguin_Onizuka @stylebender @Atilla_chapa Disrespectfull was to throw a bjj ‚Äúwhite belt‚Äù to @stylebender . What happened in the cage was more than deserved.,158,[],0,"['Penguin_Onizuka', 'stylebender', 'Atilla_chapa', 'stylebender']",4,en,0,0,Guayaquil,"Guayaquil, Ecuador",Ecuador,AdolfoEArguello,238,438,2011-02-01 05:48:28+00:00
2020-10-01 01:13:08+00:00,"El Comite Bicentenario Guayaquil200
realizamos la Entrega de la Placa a Almacenes La Ganga por su aporte al Comercio de Guayaquil.
@almaceneslaganga
@ccg https://t.co/tZk5BVRYRc",177,[],0,['ccg'],1,es,0,1,Av. 9 de octubre,Av. 9 de octubre,Ecuador,lorenaSta593,11,431,2020-07-06 02:03:07+00:00
2020-10-01 01:11:07+00:00,"üö®El jueves llegan todos con todo...üëá

‚ñ´Ô∏è@monserratcream1 
‚ñ´Ô∏è@franciscoegas 
‚ñ´Ô∏è@Raultellob 
‚ñ´Ô∏è@xhervas 
‚ñ´Ô∏è@araujo_fidel24 

üéô@AlDia_opinionec con @CarlosVerareal | ‚è∞06.00 a 09.00

üî¥https://t.co/zrC8yG378N
üî¥Canal 14 TvCable | CNT | ClaroTv
üî¥App https://t.co/gPDaim3mIY https://t.co/0FXHUkkBUC",290,[],0,"['monserratcream1', 'franciscoegas', 'Raultellob', 'xhervas', 'araujo_fidel24', 'aldia_opinionec', 'CarlosVerareal']",7,es,0,1,Samborondon,"Samborondon, Ecuador",Ecuador,MaxTVonline_EC,7317,983,2010-08-20 19:41:46+00:00
2020-10-01 01:11:00+00:00,"Por unos p√≠rricos juguetes que quitaron a sus hijos y unas condecoraciones para colgar en sus pechos a cambio de un sueldo digno, se sublevaron y estuvieron a punto de quebrar la Democracia en el pa√≠s.. Hoy les roban en sus narices millones de d√≥lares y ... Silencio  c√≥mplice??? https://t.co/OIKnrfltTB",303,[],0,[],0,es,0,2,Quito,"Quito, Ecuador",Ecuador,Piliorts,391,854,2011-09-11 14:55:13+00:00
2020-10-01 01:10:50+00:00,"Las personas tambi√©n debemos aprender a decir NO, tal vez con ese NO decepcionar√°s a otras personas, eso es inevitable. Pero es importante entender que la vida se trata de tomar decisiones que te hagan feliz a ti y no al resto.",227,[],0,[],0,es,0,1,Santa Ana,"Santa Ana, Ecuador",Ecuador,BarbaraSalaV,485,1300,2010-12-17 17:39:27+00:00
2020-10-01 01:10:46+00:00,@EfrenAl17724665 Tambi√©n hay venezolanos recorriendo la ciudad en bicicleta.. dizque anunciando a un n√∫mero ganador y vendiendo boletos para nuevos sorteos,155,[],0,['EfrenAl17724665'],1,es,0,0,Samborondon,"Samborondon, Ecuador",Ecuador,RodolfoMazurO,1087,2239,2018-06-25 04:34:30+00:00
2020-10-01 01:10:42+00:00,"@hugofuentes07 Anda a ver la cuenta del man que lo hizo, toda su cuenta asusta pero gusta ü§£",91,[],0,['hugofuentes07'],1,es,0,0,Guayaquil,"Guayaquil, Ecuador",Ecuador,saritarcm,697,821,2011-03-03 20:29:42+00:00
2020-10-01 01:10:28+00:00,@KevinZ1500 Va a tocar...,25,[],0,['KevinZ1500'],1,es,0,1,Guayaquil,"Guayaquil, Ecuador",Ecuador,Mateoartiu,466,1532,2011-04-21 12:52:35+00:00
2020-10-01 01:10:07+00:00,"De vuelta a mis monta√±as luego de a√±os pensandolas
.
.
.
.
#Pukainka #Ecuador #Azuay #elcajasnationalpark #urku #kucha √† Llaviuco https://t.co/8HTxMJ2he7",153,"['Pukainka', 'Ecuador', 'Azuay', 'elcajasnationalpark', 'urku', 'kucha']",6,[],0,es,0,0,Cuenca,"Cuenca, Ecuador",Ecuador,pukainka,157,137,2010-05-08 15:50:58+00:00
2020-10-01 01:08:28+00:00,"No quiero estar emput**a sola üôÑüôÑüôÑ

¬øPor qu√© los hombres con esta mente tan chiquita creen que tienen derecho a opinar? Mucho m√°s cuando esa opini√≥n no quiere igualdad... quieren control de la situaci√≥n y privilegios.

#AbortoLegalYSeguro https://t.co/m4abNT1bxU",261,['AbortoLegalYSeguro'],1,[],0,es,0,0,Babahoyo,"Babahoyo, Ecuador",Ecuador,Danniita_Av,693,472,2010-11-02 22:27:04+00:00
2020-10-01 01:08:21+00:00,"5 personas murieron el #30S del 2010

Se sentenciaron a 179 por los delitos de sabotaje, rebeli√≥n, plagio, intento de magnicidio, etc. Muchos inocentes. 

Pero 10 a√±os despu√©s a√∫n no es claro si hubo o no intento de magnicidio o si ya se cay√≥ ese discurso. 

@politikcorrecta https://t.co/ZzzzseH2EA",299,['30S'],1,['politikcorrecta'],1,es,2,4,Quito,"Quito, Ecuador",Ecuador,ClaudiaRoura,11052,1642,2010-11-18 16:53:03+00:00
2020-10-01 01:07:02+00:00,"Donde estar√°n esos periodistas que le daban como favorito al @IDV_EC para quedar campe√≥n de la @Libertadores los partidos de juegan y se ganan, ya se parecen a esos equipos de aqu√≠ de Gye, q saben limpiarse el culo antes de cagar..",231,[],0,"['IDV_EC', 'Libertadores']",2,es,0,0,Guayaquil,"Guayaquil, Ecuador",Ecuador,Dierolva,378,348,2010-06-19 14:17:22+00:00
2020-10-01 01:06:06+00:00,"#OrgullosamenteEcuatoriano üá™üá® 
‚úÖTenemos tanta suerte de contar con productos naturales a precios asequibles, de alt√≠sima calidad que le hace bien a nuestra salud #Org√°nico 
Avena, chocho,quinoa, frutos secos, cacao org√°nico. etc
‚úÖEsa podr√≠a ser una importante fuente de trabajo https://t.co/j4fbz9OX8y",301,"['OrgullosamenteEcuatoriano', 'Org√°nico']",2,[],0,es,0,0,Quito,"Quito, Ecuador",Ecuador,OPurpurea,1742,1221,2009-11-04 00:27:12+00:00
2020-10-01 01:05:05+00:00,amar a dos no resulta por muy sabroso que sea.,46,[],0,[],0,es,0,0,Babahoyo,"Babahoyo, Ecuador",Ecuador,waleycaza,939,587,2011-09-20 23:44:40+00:00
2020-10-01 01:02:22+00:00,Que mal que defiende idv como van a estar todos pasando la mitad de la cancha,77,[],0,[],0,es,0,0,Guayaquil,"Guayaquil, Ecuador",Ecuador,adrian_herasf,422,800,2012-09-16 19:31:13+00:00
2020-10-01 01:02:13+00:00,"Biden, Trump y el peor debate posible

* El debate, en s√≠ntesis, fue un desastre. Si a pesar de todo esto Trump gana no ser√° por m√©rito propio. 

Ser√° el resultado de la incapacidad de los dem√≥cratas de presentar un candidato medianamente competitivo.

https://t.co/9iBOA07OTu",276,[],0,[],0,es,1,2,Cuenca,"Cuenca, Ecuador",Ecuador,mattabad,3614,1816,2007-04-04 02:00:46+00:00
2020-10-01 01:01:53+00:00,"@Educacion_Ec pero en instituciones educativas privadas ya q tienen como solventar las necesidades de los estudiantes y maestros, pero en los UE fiscales ser√≠a mortal porq @Educacion_Ec ni siquiera paga a los maestros peor aun van para dar insumos de bioseguridad y protecci√≥n @Lenin",283,[],0,"['Educacion_Ec', 'Educacion_Ec', 'Lenin']",3,es,0,0,Manta,"Manta, Ecuador",Ecuador,jaimito01011981,12,76,2018-04-11 05:07:19+00:00
2020-10-01 01:01:18+00:00,"Buen pedaleo el d√≠a de hoy con la bella @macias_margarit, el objetivo es poco a poco ir incrementando el kilometraje recorrido!. 
#ciclismo #ViaDaule #Balzar #Ecuador #Guayas #carrera #TourdeFrance https://t.co/ZbRPfI9Ctn",221,"['ciclismo', 'ViaDaule', 'Balzar', 'Ecuador', 'Guayas', 'carrera', 'TourdeFrance']",7,['macias_margarit'],1,es,0,0,Balzar,"Balzar, Ecuador",Ecuador,CiroCabrera98,116,306,2018-02-05 07:03:00+00:00
2020-10-01 01:00:56+00:00,Q lo lance a la basura https://t.co/PlDTV7LaXc,46,[],0,[],0,es,0,0,Guayaquil,"Guayaquil, Ecuador",Ecuador,dianamacmor,284,387,2011-06-02 01:24:13+00:00
2020-10-01 01:00:48+00:00,"El que no hace el gol, lo ve hacer. Se acaba de aplicar bien en el partido entre #Flamengo vs #IDV . Por poco el equipo de Sangolqui marca la primera luego de tiro libre bien cobrado por Ortiz y tapa Souza y a jugada seguida marca el #Flamengo .",245,"['Flamengo', 'IDV', 'Flamengo']",3,[],0,es,0,0,Guayaquil,"Guayaquil, Ecuador",Ecuador,tadeotinoco,249,877,2011-02-10 01:32:06+00:00
2020-10-01 01:00:40+00:00,Yo tengo una pregunta @Lenin y @mariapaularomo con este nuevo cr√©dito gigantesco q van a ayudar a los afectados x el covid esta bien. Ser√° q nos pueden ayudar a los q nos jodieron con el terremoto y q correa se mando a cambiar con la plata???,242,[],0,"['Lenin', 'mariapaularomo']",2,es,0,0,Guayaquil,"Guayaquil, Ecuador",Ecuador,dianamacmor,284,387,2011-06-02 01:24:13+00:00
2020-10-01 01:00:18+00:00,"Pero tampoco pretendas cambiar a alguien m√°s con frases de ""a√∫n no has crecido, madurafo"" cada quien est√° en su momento y en su tiempo, la vida y las experiencias se 
encargaran",177,[],0,[],0,es,0,0,Guayaquil,"Guayaquil, Ecuador",Ecuador,Paracetalcohol,742,745,2011-09-13 21:06:22+00:00
2020-10-01 00:58:44+00:00,"Un vinito, alitas y tabaquitos junto a ti ü•µü•∞",44,[],0,[],0,es,0,3,Babahoyo,"Babahoyo, Ecuador",Ecuador,margmarg97,1229,273,2013-10-29 19:28:37+00:00
2020-10-01 00:58:44+00:00,"Los manabitas, teniendo las mujeres m√°s lindas, y al natural, prefieren enamorar a las burras. Ah√≠ esta la explicaci√≥n de por qu√© admiran a mameluco https://t.co/EGdpSMcApH",172,[],0,[],0,es,1,2,Guayaquil,"Guayaquil, Ecuador",Ecuador,gregorioh51,552,273,2013-09-13 18:01:33+00:00
2020-10-01 00:58:28+00:00,"‚ÄúS√© elegante, sofisticada, cl√°sica, pero con glamour y estilo‚Äù, consejos a sus abogadas de la ‚Äúreina de los divorcios‚Äù en Inglaterra https://t.co/umXAvS39Pd",156,[],0,[],0,es,0,1,Guayaquil,"Guayaquil, Ecuador",Ecuador,SEPROLEG1,90,253,2019-01-04 01:15:04+00:00
2020-10-01 00:58:26+00:00,"La gastronom√≠a tambi√©n es nuestra insignia!

Con√©ctate con Cuenca a trav√©s de su comida en incre√≠bles lugares, con las mejores propuestas culinarias y todas las normas de bioseguridad para que tu experiencia sea la mejor. üç≤üëåüòä

#CuencaBioseguraYSostenible 

#Cuenca #Ecuador üá™üá® https://t.co/7phkTwOxcx",300,"['CuencaBioseguraYSostenible', 'Cuenca', 'Ecuador']",3,[],0,es,6,7,Cuenca,"Cuenca, Ecuador",Ecuador,Visit_CuencaEC,4647,780,2016-04-15 13:56:42+00:00
2020-10-01 00:58:24+00:00,"@PoliciaEcuador 
#30S 
Es incre√≠ble c√≥mo la Polic√≠a guarda silencio ante el robo y el atraco al @isspolec pero como no es en contra de Correa nadie lanza piedras nadie sale a protestar nadie quema llantas
Qui√©n orden√≥ dispararüìå
Hoy la pregunta es
#QuienRepartioElIsspol 
Q tal üìå https://t.co/M3z4AnQysE https://t.co/PIqEa0jEgc",326,"['30S', 'QuienRepartioElIsspol']",2,"['PoliciaEcuador', 'isspolec']",2,es,0,1,Quito,"Quito, Ecuador",Ecuador,Pipo1178,1615,2896,2010-08-29 14:51:49+00:00
2020-10-01 00:56:42+00:00,¬øRecuerdas cuando te uniste a Twitter? ¬°Yo s√≠! #MiAniversarioDeTwitter https://t.co/GstlptMDpQ,94,['MiAniversarioDeTwitter'],1,[],0,es,0,0,Quito,"Quito, Ecuador",Ecuador,HenryPato90,198,673,2010-10-01 15:12:33+00:00
2020-10-01 00:55:29+00:00,Nos enamoramos de lo que nos mata y matamos a lo que nos ama.,61,[],0,[],0,es,0,1,Vinces,"Vinces, Ecuador",Ecuador,daph_moran,135,33,2020-05-29 02:23:52+00:00
2020-10-01 00:54:59+00:00,En caso que descalifiquen a Laso quien representar√≠a a la derecha? Ser√° que el PSC se queda sin pan y pedazo?,109,[],0,[],0,es,0,0,Guayaquil,"Guayaquil, Ecuador",Ecuador,panchana_1975,39,244,2012-02-26 05:08:39+00:00
2020-10-01 00:54:24+00:00,¬øNo les pasa que sienten que ya no van a conocer a nadie que les guste?,71,[],0,[],0,es,0,0,Balzar,"Balzar, Ecuador",Ecuador,_AmorBonito_,3712,2687,2010-08-09 19:23:54+00:00
2020-10-01 00:54:21+00:00,"GUAYAQUIL CITY VENCE 2-1 A EL NACIONAL 

 https://t.co/PdbfB0gHdV https://t.co/lmJdLp36GO",89,[],0,[],0,es,0,0,Samborondon,"Samborondon, Ecuador",Ecuador,RevistaWinnerEc,2870,594,2019-01-20 22:39:28+00:00
2020-10-01 00:54:10+00:00,"Srs. @cnegobec 
A los candidatos correistas pidan fotos de frente y perfil de una vez.

Colaboren con la @PoliciaEcuador",120,[],0,"['cnegobec', 'PoliciaEcuador']",2,es,0,0,Quito,"Quito, Ecuador",Ecuador,Mi_Shene8,431,7,2013-12-03 20:32:06+00:00
2020-10-01 00:53:19+00:00,"@gabino_aguirre @complicefm @la_ricaurte @RicaurteGAD @DEFENSORIAEC @Ambiente_Azuay @CGACuenca @MunicipioCuenca Sr. Ing. Andrade: el magn√≠fico proyecto de inversi√≥n por 13 millones, no le da derecho a la empresa a atentar contra el derecho al buen vivir de ‚Äú4 vecinos‚Äù/300 familias. Para llevar adelante su proyecto, tendr√°n que buscar un sitio apropiado para industria.",370,[],0,"['gabino_aguirre', 'complicefm', 'la_ricaurte', 'RicaurteGAD', 'DEFENSORIAEC', 'Ambiente_Azuay', 'CGACuenca', 'MunicipioCuenca']",8,es,0,0,Cuenca,"Cuenca, Ecuador",Ecuador,JorgeMejiaPea1,15,60,2016-12-01 21:18:54+00:00
2020-10-01 00:52:40+00:00,Que d√≠a tan de a verga,22,[],0,[],0,es,0,0,Cuenca,"Cuenca, Ecuador",Ecuador,mariiagrabriela,480,374,2011-09-06 19:15:22+00:00
2020-10-01 00:51:35+00:00,"Si no necesitas no abortes, pero no te atrevas a decidir, por las dem√°s. 

#SeraLey https://t.co/gTK0Jlh2lf",107,['SeraLey'],1,[],0,es,0,2,Quito,"Quito, Ecuador",Ecuador,OrguyoEc,165,389,2019-05-07 03:38:25+00:00
2020-10-01 00:51:25+00:00,"El adi√≥s a un grande, que descanse en paz #QuinoDEP

Fotograf√≠a: @VogueMexico https://t.co/wDzdDtjDgi",101,['QuinoDEP'],1,['VogueMexico'],1,es,0,1,Guayaquil,"Guayaquil, Ecuador",Ecuador,kkollektion,1112,324,2010-03-28 07:16:16+00:00
2020-10-01 00:51:15+00:00,"Cuna de poetas, navieros y cantores; Perla del Pac√≠fico donde viera la luz el Ruise√±or de Am√©rica, testigo eterno del inmortal Cl√°sico del Astillero. Unimos nuestra humilde voz a la de tus hijos para decir: ¬°Viva Guayaquil de mis amores! https://t.co/MMl7worvxr",261,[],0,[],0,es,0,0,Guayaquil,"Guayaquil, Ecuador",Ecuador,Gusrivadeneira6,801,1758,2015-09-02 05:32:27+00:00
2020-10-01 00:51:05+00:00,"‚ôüHoy a las 20:30 PM estar√© en vivo x mis redes sociales. üôåLes contesto preguntas de ajedrez, de c√≥mo es estudiar/migrar en Usa üá∫üá∏ o lo q se animen a preguntar. 

üôåtb me pueden retar en partidas de ‚ôü online

üö©FB: https://t.co/AplApa3yia
IG: herediac4rla y twitter herediacarla",275,[],0,[],0,es,1,2,Quito,"Quito, Ecuador",Ecuador,HerediaCarla,18129,4374,2010-10-04 01:10:33+00:00
2020-10-01 00:49:46+00:00,Se nota el miedo que nos tienen las mujeres a los hombres... https://t.co/T7wfeDqbQd,84,[],0,[],0,es,0,1,Quito,"Quito, Ecuador",Ecuador,metalleomon,1358,698,2010-01-30 00:05:37+00:00
2020-10-01 00:49:17+00:00,"@czambra58056761 @lahistoriaec @CREOEcuador El careverga de Correa ya ni est√° en el pa√≠s, ni si quiera es de su partido, y lo mencionan a ese hp! De verdad que algunos viven mal cerebro y del culo üòÇüòÖ",199,[],0,"['czambra58056761', 'lahistoriaec', 'CREOEcuador']",3,es,0,0,Guayaquil,"Guayaquil, Ecuador",Ecuador,Marcelo_VargasB,254,475,2009-09-28 20:23:33+00:00
2020-10-01 00:47:38+00:00,De habernos ganado el respeto en la copa libertadores en el 2017 ahora todo eso lo estamos botando a la basura no puedes jugar asi BSC tu historia lo dice en copa le dabas guerra a todos cuando sea y con quien sea jamas te escondias .,234,[],0,[],0,es,0,0,Guayaquil,"Guayaquil, Ecuador",Ecuador,fabianv1993,1244,2286,2011-04-28 20:24:44+00:00
2020-10-01 00:47:21+00:00,"Corea es el pa√≠s de Hyundai, Posco, Samsung, pero la salud p√∫blica es gratuita y la privada es sin fines de lucro, obligada a reinvertir sus ganancias en educaci√≥n e investigaci√≥n. 

Un horror para nuestros ‚Äúliberales‚Äù criollos. https://t.co/jpsThik6Si",252,[],0,[],0,es,11,40,Quito,"Quito, Ecuador",Ecuador,estebanavila,40936,1082,2009-01-17 01:15:27+00:00
2020-10-01 00:47:15+00:00,Ayudemos a Nuestro Hermano Antoni https://t.co/C5mmzausW9,57,[],0,[],0,es,1,0,Rumi√±ahui,"Rumi√±ahui, Ecuador",Ecuador,mevch__,96,164,2013-07-25 14:51:18+00:00
2020-10-01 00:45:43+00:00,"Lo bien que juega River, se lo est√° comiendo a Sao Paulo.",57,[],0,[],0,es,0,1,Quito,"Quito, Ecuador",Ecuador,MuertBlancaLDU,536,779,2011-05-16 00:29:24+00:00
2020-10-01 00:45:11+00:00,Necesito alguien que me invite a una reuni√≥n donde hayan bolitas de carne y deditos de queso üò≠,94,[],0,[],0,es,0,2,Manta,"Manta, Ecuador",Ecuador,genesisvelez93,646,854,2010-11-12 17:27:31+00:00
2020-10-01 00:45:07+00:00,Esta que lo bombardea Independiente del Valle a Flamengo,56,[],0,[],0,es,0,0,Guayaquil,"Guayaquil, Ecuador",Ecuador,adrian_herasf,422,800,2012-09-16 19:31:13+00:00
2020-10-01 00:44:47+00:00,"En representaci√≥n de la Alcaldesa @cynthiaviteri, asist√≠ a la presentaci√≥n oficial de ""La Ruta de las Artes"", en Plaza Guayarte. Un proyecto que incluye muestras de baile, canto, teatro, pintura, escultura y body painting, organizado por Direcci√≥n de Cultura y la @DASEAlcaldiaGye https://t.co/CMrTN3QBpe",304,[],0,"['cynthiaviteri', 'DASEAlcaldiaGye']",2,es,0,2,Guayaquil,"Guayaquil, Ecuador",Ecuador,luzmilanicolald,4114,523,2011-05-30 13:51:19+00:00
2020-10-01 00:44:11+00:00,"#HospitalDePedernales
...ya en allanamiento con camar√≥grafos de @teleamazonasec y con la cobertura de todos los medios de comunicaci√≥n 
Pero como nombran a la ministra de @MinGobiernoEc @mariapaularomo s√≥lo queda en declaraciones reportajes y uno q otros circo 
Sin duda es una ..",280,['HospitalDePedernales'],1,"['teleamazonasec', 'MinGobiernoEc', 'mariapaularomo']",3,es,2,1,Quito,"Quito, Ecuador",Ecuador,Pipo1178,1615,2896,2010-08-29 14:51:49+00:00
2020-10-01 00:43:50+00:00,Implican a ministra ecuatoriana de Gobierno en supuesto reparto de cuotas pol√≠ticas. @SputnikMundo https://t.co/LPkIaUVjx3,122,[],0,['SputnikMundo'],1,es,0,0,Loja,"Loja, Ecuador",Ecuador,csr_costa,1009,488,2012-12-09 22:55:44+00:00
2020-10-01 00:43:45+00:00,"#LigaProBancoPichincha #F√∫tbolEc

Partido pendiente de  la #jornada13 de la @ligaproec #SerieA, en el Estadio Cristhian Benitez de #Guayaquil ,  @guayaquilcityfc venci√≥ 2-1 a @elnacionalec.

Goles:
#GyeCity: Gonzalo Mastrianni, Alan Aguirre.
#NAC: Marlon de Jes√∫s https://t.co/MLcBO2XSy8",287,"['LigaProBancoPichincha', 'F√∫tbolEc', 'jornada13', 'SerieA', 'Guayaquil', 'GyeCity', 'NAC']",7,"['LigaProEC', 'GuayaquilCityFC', 'elnacionalec']",3,es,1,1,Guayaquil,"Guayaquil, Ecuador",Ecuador,CantorDeDuran,111,1437,2017-06-13 20:46:51+00:00
2020-10-01 00:43:44+00:00,"Delincuentes a bordo de una #motocicleta tumban al conductor de un veh√≠culo similar para llev√°rselo. 
El hecho delictivo se registr√≥ la tarde de este mi√©rcoles en la #V√≠aPerimetral cerca a la entrada a #TriniPuerto
@elnoticierotc @PoliciaEcuador https://t.co/DGUTjJYjoF",269,"['motocicleta', 'V√≠aPerimetral', 'TriniPuerto']",3,"['elnoticierotc', 'PoliciaEcuador']",2,es,0,1,Guayaquil,"Guayaquil, Ecuador",Ecuador,stalinbaquerizo,4252,500,2011-02-02 01:33:06+00:00
2020-10-01 00:42:40+00:00,"SE√ëORES ASAMBLE√çSTAS Y ESTO DE MANDAR OFICIOS CON PAPEL MEMBRETADO DEBE DE SER SANCIONADO POR QUE RECLAMAN PARA UNA EMPRESA PARTICULAR QUE TANTO DA√ëO NOS EST√Å HACIENDO A LOS BABAHOYENSES.
SOCIALCRISTIANOS NUNCA M√ÅS ,,, CARAJO . https://t.co/s5WXzNQFBh",251,[],0,[],0,es,0,2,Babahoyo,"Babahoyo, Ecuador",Ecuador,vicenteburgosve,164,169,2013-06-06 18:57:42+00:00
2020-10-01 00:41:15+00:00,Qu√© placer ver jugar a River üëèüèΩ,31,[],0,[],0,es,1,8,Guayaquil,"Guayaquil, Ecuador",Ecuador,carroyos,14768,582,2010-12-20 01:43:50+00:00
2020-10-01 00:40:36+00:00,"Todav√≠a me acuerdo de ti, todav√≠a siento que est√°s junto a mi ü•∫",63,[],0,[],0,es,0,0,Guayaquil,"Guayaquil, Ecuador",Ecuador,Mpa3_,475,298,2011-10-06 23:36:20+00:00
2020-10-01 00:39:26+00:00,El sistema de Ojos de √Åguila de la @cscgye capta a un reciclador abriendo fundas de basura. Mediante los meg√°fonos de las c√°maras de video vigilancia se le solicit√≥ que se retirara del lugar. Trabajamos #PorTuSeguridad https://t.co/nxWAJMKT65,242,['PorTuSeguridad'],1,['cscgye'],1,es,2,6,Guayaquil,"Guayaquil, Ecuador",Ecuador,cscgye,151822,145,2009-08-21 15:28:16+00:00
2020-10-01 00:38:11+00:00,"@LaTribuCamilo sabes como puedo localizar a camilo quiero hablar con el las experiencias que a vivido y por √∫ltimo para ver como organizar una colaboraci√≥n, porfa ayuda etiqueta a Camilo",186,[],0,['LaTribuCamilo'],1,es,0,1,Santiago De Pillaro,"Santiago De Pillaro, Ecuador",Ecuador,DiegoRe98073306,0,3,2020-10-01 00:30:10+00:00
2020-10-01 00:37:25+00:00,"@plxcp Wenu :'v
Jaksjsj paroparo, que una estrellita se asome a tu ventanita a cantarte hoy y que la se√±ora luna acompa√±e su melod√≠a. https://t.co/L38EEAC1tE",157,[],0,['plxcp'],1,es,0,0,Guayaquil,"Guayaquil, Ecuador",Ecuador,spikespace_,8,89,2015-10-13 20:04:13+00:00
2020-10-01 00:36:56+00:00,"Muy pronto tendremos en #LaMan√° un nuevo modelo de recolecci√≥n de basura, gracias a la alianza estrat√©gica que realizamos pensando en mis hermanos lamanenses.

D√≠a a d√≠a seguimos trabajando para que ya no solo seamos el encanto de #Cotopaxi, sino el encanto del #Ecuador üá™üá® https://t.co/foIY0w19t4",297,"['LaMan√°', 'Cotopaxi', 'Ecuador']",3,[],0,es,1,4,La Mana,"La Mana, Ecuador",Ecuador,politocarrera,849,1331,2011-03-12 14:37:36+00:00
2020-10-01 00:36:54+00:00,En 6 minutos un barcelona sometido debido a sus errores,55,[],0,[],0,es,0,0,Guayaquil,"Guayaquil, Ecuador",Ecuador,Luis96mtv,425,923,2012-03-05 00:29:29+00:00
2020-10-01 00:36:49+00:00,"Tanto mediocre? Regresa a ver los 10 a√±os de tu gobierno y encontrar√°s muchos mediocres, empezando por ti. PR√ìFUGO https://t.co/lvhcCR3Tor",138,[],0,[],0,es,0,0,Quito,"Quito, Ecuador",Ecuador,andresrude,252,2333,2010-07-30 00:47:49+00:00
2020-10-01 00:36:42+00:00,"#Quino el maravilloso padre de una ni√±a humanista, pacifista, democr√°tica, libertaria, fil√≥sofa. Ella con sus preguntas y enojos con el mundo (adulto) nos ense√±√≥ a pensar, indignarnos y ser cr√≠ticos. Podemos decir, si duda que hay una Pedagogia-Mafalda? #Mafalda https://t.co/vC0uXJ6Nr2",286,"['Quino', 'Mafalda']",2,[],0,es,0,0,Cuenca,"Cuenca, Ecuador",Ecuador,JohannRIERA,192,154,2012-06-06 22:33:09+00:00
2020-10-01 00:36:00+00:00,"Si mi coraz√≥n sobrevive a Riveros, no dejo de fumar nunca",57,[],0,[],0,es,0,0,Quito,"Quito, Ecuador",Ecuador,aemino,444,827,2010-06-30 15:15:41+00:00
2020-10-01 00:35:24+00:00,Jaja alguien que me ayude a localizar a Camilo Echeverry para una colaboraci√≥n,78,[],0,[],0,es,0,1,Ambato - Ecuador,Ambato - Ecuador,Ecuador,DiegoRe98073306,0,3,2020-10-01 00:30:10+00:00
2020-10-01 00:34:54+00:00,@plxcp A celebr√° https://t.co/mAOgw53TFT,40,[],0,['plxcp'],1,es,0,0,Guayaquil,"Guayaquil, Ecuador",Ecuador,spikespace_,8,89,2015-10-13 20:04:13+00:00
2020-10-01 00:34:37+00:00,"En donde est√° esta RATA CRIMINAL, q no se lo ve en la C√ÅRCEL q √©l mismo mando a construir, x todos los da√±os que le hizo al pueblo y a m√≠ pa√≠s https://t.co/6uzkg63GJL",166,[],0,[],0,es,0,0,Quito,"Quito, Ecuador",Ecuador,JaimeLlanes1,478,1822,2011-06-01 22:53:37+00:00
2020-10-01 00:34:01+00:00,"üáªüá™ Diego Arria (@Diego_Arria), diplom√°tico y pol√≠tico venezolano firma, junto a +200 personalidades de Iberoam√©rica, carta a la UE üá™üá∫ contra maniobras de Borrell. 

T√∫ tambi√©n puedes firmar aqu√≠: 
üñäÔ∏è https://t.co/BWAcUYBMJl https://t.co/BZmz0s7ZIw",247,[],0,['Diego_Arria'],1,es,0,0,Quito,"Quito, Ecuador",Ecuador,jonasveneccs,163,871,2011-08-29 14:47:51+00:00
2020-10-01 00:33:34+00:00,"Hoy veo con camisetas amarilla a Barcelona es decir hoy GANA, 19 horas 32 lo anunci√≥ , seg√∫n la pantalla van 3 minutos 0 a 0.",125,[],0,[],0,es,0,0,Manta,"Manta, Ecuador",Ecuador,munozfel56,75,73,2011-05-28 17:23:57+00:00
2020-10-01 00:33:28+00:00,Ma√±ana es un d√≠a dedicado a #NoPares ¬øestamos listos? üëÄ,55,['NoPares'],1,[],0,es,1,3,Guayaquil,"Guayaquil, Ecuador",Ecuador,DulcePazEc,1847,1979,2010-03-28 06:53:49+00:00
2020-10-01 00:32:52+00:00,"Wow 
""El Gobierno Reparti√≥"" 
No lo dice el Correismo lo dice #DanielMendoza aliado a @35PAIS y a @Lenin acusa directamente a #MariaPaulaRomo Ministra de @MinGobiernoEc 

#ElPeorGobiernoDeLaHistoria 
#HospitalDePedernales 
Ser√° aqu√≠ tambi√©n sacan el ""Influjo ps√≠quico"" üòÖüòÖüòÖüòÖüòÖüòÖ https://t.co/HEXY61n4QP",298,"['DanielMendoza', 'MariaPaulaRomo', 'ElPeorGobiernoDeLaHistoria', 'HospitalDePedernales']",4,"['35PAIS', 'Lenin', 'MinGobiernoEc']",3,es,4,1,Quito,"Quito, Ecuador",Ecuador,Pipo1178,1615,2896,2010-08-29 14:51:49+00:00
2020-10-01 00:32:42+00:00,Ya listos para iniciar los #EncuentrosPoscasteros Edici√≥n Virtual Ecuador gracias a @lospodcasteros https://t.co/otMlNgSd1F,123,['EncuentrosPoscasteros'],1,['lospodcasteros'],1,es,1,3,Guayaquil,"Guayaquil, Ecuador",Ecuador,elferchovasquez,356,474,2010-03-28 20:06:57+00:00
